id,title,description,projects,functions,benefits,desirable,seniority,seniority_type,remote,remote_modality,remote_zone,countries,lang,category_name,perks,min_salary,max_salary,published_at,response_time_min,response_time_max,applications_count,public_url
senior-database-administrator-sql-azure-softserve-remote,Senior Database Administrator (Ms SQL),"Proficient in on-premises SQL Server management, with additional skills in AzureExperienced in code tuning to optimize performanceCapable of conducting SQL code reviews and deploying changesSkilled in managing backups and performing restores as neededAble to provide support to developers for any database-related issuesExperienced in managing SQL server updates to ensure system stability and securityKnowledgeable in T-SQL replication for data synchronizationPossess strong troubleshooting skills to address technical issues efficiently.Database user management and auditB2+ English LevelLocated in Chile ","WE ARESoftServe is an IT company. We are advisors and providers who operate on the cutting edge of technology. With you, we set goals and reach them to grow better together, learning from both successes and mistakes. We are a team of thinkers and makers in more than 40 offices in 12 countries, true professionals and good people, who like what we do and do it well.We hold top-level partnership statuses with all the major cloud providers and collaborate with many technology partners like Snowflake, Confluent, Cloudera, Starburst, Collibra, Tableau, among others.Together with the SEI and Carnegie Mellon University, we adapted ADD and ATAM architecture design methodologies to Big Data needs and invented the Smart Decisions game to promote architecture design best practices in AI and Big Data.","Master SQL Server and Azure Database Management: Bring your proficiency in on-premises SQL Server and Azure to enhance our database systemsOptimize and Review SQL Performance: Use your experience in code tuning and conducting SQL code reviews to optimize system performanceLead Data Recovery and System Updates: Manage critical backups, restores, and SQL server updates to ensure system stability and securitySupport Development Teams: Provide expert support to developers on database-related issues, helping to streamline project workflowsTroubleshoot and Audit Database Systems: Utilize your strong troubleshooting skills and oversee database user management and audits to maintain high operational standards","SoftServe es una empresa que ofrece igualdad de oportunidades. Nuestras ofertas laborales est√°n abiertas a todos quienes, dentro del marco de la Ley de Inclusi√≥n, quieran formar parte de esta gran Empresa, aportando con sus distintas capacidades y fortalezas, tanto humanas como profesionales. Pongamos tu talento y experiencia en movimiento con SoftServe.","TOGETHER WE WILLSupport your technical and personal growth‚Äìwe have a dedicated career plan for all roles in our companyInvestigate new technologies, build internal prototypes, and share knowledge with the SoftServe Big Data CommunityUpskill with full access to Udemy learning coursesPass professional certifications, encouraged and covered by the companyAssimilate best practices from experts while working in a team of top-notch Engineers and ArchitectCollaborate with world-leading companies and attend professional eventsHave a chance to address different business and technology challenges, engage in challenging projects and top-notch technologies, and drive multiple projects and initiatives as a part of the Center of Excellence","{'data': {'id': 4, 'type': 'seniority'}}",seniority,True,remote_local,,['Remote'],en,SysAdmin / DevOps / QA,"['pet_friendly', 'flexible_hours', 'health_coverage', 'computer_provided', 'informal_dresscode', 'vacation_over_legal', 'beverages_and_snacks']",3000.0,3800.0,1715881210,,,32,https://www.getonbrd.com/jobs/senior-database-administrator-sql-azure-softserve-remote
senior-qa-qc-automation-softserve-remote,Senior QA/QC (Manual),"Possessing a Bachelor's degree in Computer Science, Computer Engineering, or similarA holder of 5+ years of experience in Software Quality Assurance & TestingWell-versed in API testingExperienced with software testing principlesHands-on with software life cycleCompetent with Xcode and Android StudioConfident in executing regression testsSkilled in Agile development methodologiesProficient in writing test plans and test cases and have a quality mindsetAccustomed to Jira or similar toolsSelf-starter with good decision-making capabilitiesDemonstrating B2 English level (written and spoken) to cover daily communication with the Team","WE ARESoftServe is a IT & global digital solutions company with headquarters in Austin, Texas, founded in 1993 in Ukraine. Our associates are currently working on 2,000+ projects with clients in the USA, Europe, and APAC region. We are about people who create bold things, who make a difference, who have fun, and who love their work. In January 2022, we started our operations in Latin America. We committed to grow our local community to 3,500 associates by 2025 and invest in the market.You will be working for one of our projects, a leading smart home technology provider that offers home security, energy management, home automation, local cloud storage, and high-speed Internet solutions to more than two million customers throughout the United States. The result is a smart home solution that saves you time and money and simplifies your life.","Collaborate closely with software engineers representing other disciplines to build amazing experiences from top to bottomLeverage your technical expertise and interpersonal skills to help the team make great implementation decisions togetherActively participate in code reviews and other software lifecycle activitiesWork in a fast-paced, self-directed, agile environmentResearch and evaluate new technologies and toolsContribute to new feature development, maintenance, and architectural activitiesActively participate in the iOS guild with fellow engineers to develop better organization-wide development practices and solve hard problemsParticipate in a quarterly ""Innovation Week"" and work on innovative projects of your choicePut smart home products in your own home and experience your work product firsthandWork as a central part of a cross-functional delivery teamCollaborate with product management, program management, QA, UX designers, and others","Gain certifications from leading providers (Google, AWS & others)Empower you to scale your expertise with others by joining the Mentoring ProgramExcel business of our clients from startups and ISVs to Enterprise and Fortune 500 companiesCreate an exceptional customer experience and impact the company's global success and be recognized by the Customer Hero ProgramCare for your wellness with a health insurance package",,"{'data': {'id': 4, 'type': 'seniority'}}",seniority,True,remote_local,,['Remote'],en,SysAdmin / DevOps / QA,"['pet_friendly', 'flexible_hours', 'health_coverage', 'computer_provided', 'informal_dresscode', 'vacation_over_legal', 'beverages_and_snacks']",,,1715880806,,,34,https://www.getonbrd.com/jobs/senior-qa-qc-automation-softserve-remote
ingeniero-de-seguridad-ti-kibernum-santiago-2343,Ingeniero de Seguridad TI,"üéì Ingeniero de seguridad de aplicaciones con 3 a√±os de experiencia.üåê Certificaciones en Seguridad Inform√°tica/Informaci√≥n, Ethical Hacking y AWS Cloud Practitioner.üìú Conocimientos de est√°ndares de Seguridad de la Informaci√≥n ISO 27000.üîç 2 a√±os de experiencia en Ethical Hacking.‚òÅÔ∏è 1 a√±o de experiencia en AWS.üó£Ô∏è Ingl√©s conversacional intermedio-avanzado (comunicaci√≥n constante con equipo en India).","Kibernum, es una de las empresas l√≠deres en tecnolog√≠a presente en Chile, Per√∫, Colombia y USA.üåçLlevamos m√°s de 30 a√±os en el mercado entregando servicios de calidad y gran valor agregado a nuestros clientes, por lo que nos encontramos muy bien posicionados.üòéEn KIBERNUM nos mueve instalar capacidades flexibles, a trav√©s del mejor talento tech del mundo, para impulsar la evoluci√≥n digital. Actualmente contamos con una dotaci√≥n que supera los 1500 colaboradores, cuyas √°reas de expertise se destacan entre otras: tech, Staffing, IT Academy y Agile Delivery. ü§ü","üîê Supervisar el monitoreo y ejecuci√≥n continua de procesos, proyectos y procedimientos de desarrollo seguro.üõ°Ô∏è Analizar c√≥digo malicioso, crear modelos de amenazas y responder a incidentes de seguridad.üëÄ Gestionar y monitorear accesos a sistemas de informaci√≥n, dispositivos de comunicaci√≥n y centros de datos.üö® Apoyar en la gesti√≥n de riesgos y alertar sobre potenciales amenazas a la seguridad.üõ†Ô∏è Proponer iniciativas para optimizar procesos de seguridad en el ciclo de vida de desarrollo de aplicaciones.üìä Ejecutar escaneos de vulnerabilidad y tests de penetraci√≥n, y gestionar su remediaci√≥n.üìö Concientizar a empleados, proveedores y externos sobre seguridad de la informaci√≥n.üîç Realizar auditor√≠as internas de procesos de tecnolog√≠a y seguridad.üîß Realizar funciones adicionales asignadas por el jefe dentro del marco del cargo.",üìÑ Contrato indefinido.üè¢ Jornada h√≠brida (2 a 3 d√≠as presencial por semana).üïí Horario: Lunes a viernes de 08:30 a 18:30 h.üìç Ubicaci√≥n: Providencia.,üè• Seguro complementario de salud y de vida.üìà Reajuste trimestral del IPC.üéâ Aguinaldos para Fiestas Patrias y Navidad.üéÅ Acceso a una plataforma con m√°s de 500 beneficios.,"{'data': {'id': 3, 'type': 'seniority'}}",seniority,False,hybrid,,['Chile'],lang_not_specified,Cybersecurity,['health_coverage'],2200.0,2700.0,1715723416,,,15,https://www.getonbrd.com/jobs/ingeniero-de-seguridad-ti-kibernum-santiago-2343
it-project-manager-softserve-remote,IT Project Manager,"Showing at least 4 years of experience in managing pipeline work as well as cross-functional scope and dependenciesBackgrund of at less 3 years as Software Developer (FullStack or BackEnd)Possessing either a degree or hands-on experience in software engineering (ideally ‚Äì in commercial projects)Great at developing relations with external customers and being the main communication anchor for the teamSuccessful in multiple stakeholders‚Äô management, building & managing expectationsSkilled in supervising resource allocation to ensure the attainment of business and team development goalsGood at guiding, coaching, and mentoring development teamsUsed to providing leadership, guidance, and oversight into the implementation of product featuresAlways involved in planning, execution, monitoring, and controlling phasesAn expert in Agile methodologiesA skillful communicator, open-minded, easygoing, and able to translate business vision to the development teamA hard-working person who is not afraid of activities diversity and able to switch attention easily when neededCapable of conducting business communication at B2+ English level","WE ARESoftServe is a IT & global digital solutions company with headquarters in Austin, Texas, founded in 1993 in Ukraine. Our associates are currently working on 2,000+ projects with clients in the USA, Europe, and APAC region. We are about people who create bold things, who make a difference, who have fun, and who love their work. In January 2022, we started our operations in Latin America. We committed to grow our local community to 3,500 associates by 2025 and invest in the market.You will be working for one of our projects, a leading smart home technology provider that offers home security, energy management, home automation, local cloud storage, and high-speed Internet solutions to more than two million customers throughout the United States. The result is a smart home solution that saves you time and money and simplifies your life.","Collaborate with enthusiastic colleagues who are eager to help and supportContribute to the technologically diverse and profound IT ecosystem to help achieve business goals and drive resultsOperate as the Lead Project Manager for the site as a future opportunity, overseeing priority and ensuring the projects are tracked and progress is monitoredImplement outstanding processes, build new ones, and develop an environment of continuous improvementParticipate in the selection process for new hires, mentor, coach, and build effective world-class software engineering teamsHelp define, measure, and socialize success metrics to internal and external teams to report on the project delivery",,"TOGETHER WE WILLGain certifications from leading providers (Google, AWS & others)Empower you to scale your expertise with others by joining the Mentoring ProgramExcel business of our clients from startups and ISVs to Enterprise and Fortune 500 companiesCreate an exceptional customer experience and impact the company's global success and be recognized by the Customer Hero ProgramCare for your wellness with a health insurance packageSoftServe es una empresa que ofrece igualdad de oportunidades. Nuestras ofertas laborales est√°n abiertas a todos quienes, dentro del marco de la Ley de Inclusi√≥n, quieran formar parte de esta gran Empresa, aportando con sus distintas capacidades y fortalezas, tanto humanas como profesionales. Pongamos tu talento y experiencia en movimiento con SoftServe.","{'data': {'id': 4, 'type': 'seniority'}}",seniority,True,remote_local,,['Remote'],en,Operations / Admin,"['pet_friendly', 'flexible_hours', 'health_coverage', 'computer_provided', 'informal_dresscode', 'vacation_over_legal', 'beverages_and_snacks']",,,1715706431,,,29,https://www.getonbrd.com/jobs/it-project-manager-softserve-remote
iso-27001-consultant-global-sentynel-remote,Iso 27001 Consultant,"Qualifications:Bachelor‚Äôs degree in Computer Science, Information Security, or a related field.Extensive experience (at least 5 years) in cyber security, with a focus on ISO 27001.Familiarity with security frameworks and standards (e.g., NIST, ISO 27001).Certified ISO27001 lead AuditorAbility to work on their own with little supervisionProficiency in security systems and tools, such as SIEM, IDS/IPS, and endpoint protection.Strong problem-solving and analytical skills.Excellent communication and collaboration abilities.Other relevant certifications (e.g., CISSP, CISM, CEH) are a plus.","We are currently seeking a highly skilled ISO 27001 Consultant to join our esteemed team at Global Sentynel. In this role, you will be a key player in ensuring the robustness and resilience of our clients' cybersecurity postures. Our unique value proposition rests on several differentiators:Expertise: Our Security Subject Matter Experts (SMEs) collectively possess decades of experience in the fieldKnowledge: We leverage a wealth of technology and innovative approaches to tackle security challenges.People Centric: Our focus is on the expertise and skills of our team members, rather than relying solely on tools.Pragmatic and Affordable: We adopt a risk-based approach to security, ensuring practical and cost-effective solutions for our clients.","Responsibilities:Conduct ISO 27001 readiness assessments and gap analyses to identify vulnerabilities and areas for improvement.Collaborate with cross-functional teams to implement security controls and processes aligned with ISO 27001 standards.Perform regular audits of ISO 27001 implementations to ensure compliance and effectiveness.Develop and maintain security architecture, guidelines, and processes in accordance with industry best practices.Create investment roadmaps for security tools and integrate security measures into our organization‚Äôs infrastructure.",,,"{'data': {'id': 4, 'type': 'seniority'}}",seniority,True,fully_remote,,['Remote'],en,Cybersecurity,['remote_full'],,,1716564477,,,0,https://www.getonbrd.com/jobs/iso-27001-consultant-global-sentynel-remote
ingeniero-civil-fopeca-s-a-quito-guayaquil,Ingeniero Civil,"T√≠tulo universitario en Ingenier√≠a Civil o afinesExperiencia de 3 a√±os en posiciones similaresConocimientos en administraci√≥n de infraestructuras y gesti√≥n de presupuestosConocimientos en planillaje, revisi√≥n y dibujo de planos, revisi√≥n de documentos y especificaciones t√©cnicas, realizaci√≥n de cotizaciones y manejo de proveedoresConocimientos en ISO 9001:2015, levantamiento de procesos, elaboraci√≥n de documentos y certificado de auditor interno en ISO 9001 ","El proyecto Portovelo ‚Äì Salat√≠ ‚Äì Ambocas es la reconstrucci√≥n de una carretera de 22 kil√≥metros de longitud en la provincia de El Oro, Ecuador. El Ministerio de Transporte y Obras P√∫blicas (MTOP) est√° ejecutando el proyecto a trav√©s de la constructora FOPECA S.A. con una inversi√≥n de $12.496.161.61 millones de d√≥lares. ","Dirigir por parte del Contratista, la ejecuci√≥n, conforme a los planos y especificaciones t√©cnicas establecidas en el proyecto.- Coordinar el pilotaje y movimiento de tierras.‚Ä¢ Velar por el mejor aprovechamiento de los equipos, herramientas, recursos humanos adecuados y necesarios dentro de la obra.‚Ä¢ Llevar a cabo el proyecto encomendado con la calidad, tiempo y costo considerado.‚Ä¢ Cumplir con las Normas de Seguridad e Higiene Industrial y de acuerdo a las condiciones establecidas en el contrato suscrito por el Contratista.‚Ä¢ Representar t√©cnicamente al Contratista en la obra.‚Ä¢ Realizar la planificaci√≥n respectiva, coordinar al personal directo de la obra y en su caso a los diferentes contratistas que intervienen en la obra.‚Ä¢ Hacer los requerimientos de material oportunos y elaborar reportes de avances de obra, ejecuci√≥n de la obra y de las actividades de control, tales como calidad, organizaci√≥n del personal, actas, mediciones, valuaciones y dem√°s actos administrativos similares.‚Ä¢ Es el responsable de llevar el libro de obra.‚Ä¢ Realizar cualquier otra funci√≥n, en el √°mbito de su competencia, que le sea asignada por el Contratista.Ten√©s t√≠tulo","Capacidad para analizar y resolver problemas, tomar decisiones, observar e interpretar fen√≥menos f√≠sicos, adaptarse a condiciones adversas, organizar y dirigir grupos de trabajo, autoconfianza para supervisar a otras personas, habilidades de organizaci√≥n, inter√©s por la arquitectura y la construcci√≥n, habilidades de c√°lculo matem√°tico, inter√©s por la f√≠sica, habilidades relacionadas con las TI y sobre el uso de software CAD.","T√≠tulo ingeniero civil o arquitecto tener experiencia m√°ximo 3 a√±os en √°reas de infraestructura vialCapacidad para analizar y resolver problemas, tomar decisiones, observar e interpretar fen√≥menos f√≠sicos, adaptarse a condiciones adversas, organizar y dirigir grupos de trabajo, autoconfianza para supervisar a otras personas, habilidades de organizaci√≥n, inter√©s por la arquitectura y la construcci√≥n, habilidades de c√°lculo matem√°tico, inter√©s por la f√≠sica, habilidades relacionadas con las TI y sobre el uso de software CAD","{'data': {'id': 5, 'type': 'seniority'}}",seniority,False,no_remote,,['Ecuador'],es,Operations / Admin,"['flexible_hours', 'health_coverage', 'informal_dresscode', 'vacation_over_legal']",1500.0,1800.0,1716214884,,,3,https://www.getonbrd.com/jobs/ingeniero-civil-fopeca-s-a-quito-guayaquil
ingeniero-en-ciberseguridad-agilesoft-spa-remote,Analista de Infraestructura Ciberseguridad,"Titulaci√≥n en Ingenier√≠a en Telecomunicaciones, Conectividad y RedesExperiencia laboral previa en roles relacionados con redes y ciberseguridadAl menos 1 a√±o de experiencia ejecutando proyectos de Infraestructura de Ciberseguridad.Manejo de normativas y frameworks de ciberseguridad (ISO 27001, NIST, PCI-DSS, CIS, etc).Manejo de las regulaciones a empresas cr√≠ticas del estado.Experiencia demostrable utilizando las siguientes tecnolog√≠as:- Next-Gen Firewalls: Fortinet - Checkpoint- Endpoints y EDR: McAfee - Sophos - Darktrace- Anti DDoS y WAF: Radware- Routing/Switching: Cisco- Administraci√≥n de Sistemas Operativos: Linux - Unix - Windows (Active Directory)- Excel avanzadoCapacidad para analizar y responder a incidentes de seguridad de manera eficiente.Excelentes habilidades de comunicaci√≥n y trabajo en equipo.Capacidad para mantenerse actualizado sobre las √∫ltimas tendencias y amenazas en ciberseguridad.","Agilesoft es una startup formada por gente joven, enfocada en el desarrollo de software. Somos amantes de la tecnolog√≠a, con un ambiente laboral entretenido y grato. M√°s que cumplir horarios, trabajamos bajo metas, que nos impulsan a resultados innovadores y de calidadEstamos en b√∫squeda de un Analista de Infraestructura de Ciberseguridad Junior con una s√≥lida formaci√≥n en Ingenier√≠a en Telecomunicaciones, Conectividad y Redes, con experiencia previa en roles relacionados con redes y ciberseguridad.","Implementar y mantener sistemas de seguridad inform√°tica para proteger la infraestructura de red de la empresa.Aplicar las iniciativas de ciberseguridad con los programas corporativos y los objetivos de cadaproyecto, asegurando que cada una de sus labores cumpla con el est√°ndar de ejecuci√≥n esperable,haciendo que el proyecto, la infraestructura del cliente y las tecnolog√≠as de la informaci√≥n utilizadas, est√©n adecuadamente protegidos ante amenazas cibern√©ticas.Cumplir ceremonias y proceso de la metodolog√≠a √°gil Scrum para desarrollar los proyectos con clientes, estos se detallan a continuaci√≥n:- Ceremonias: Refinamiento, Planning, Daily, Review o Showcase, Retrospective.- Proceso: Sprint, Pesaje de historias, generar y cumplir con un sprint.Cumplir con la correcta y completa ejecuci√≥n de las tareas asignadas en cada proyecto o servicio:- Informar, consultar y solucionar problemas y comentarios del cliente con el fin deretroalimentar el servicio y evitar problemas de calidad en la entrega y ejecuci√≥n.- Ejecutar las labores asignadas de todos los servicios y proyectos en los que trabaja.- Ejecutar todas las labores necesarias para cumplir en tiempo y forma con las entregaspreestablecidas con el cliente.- Informar a su jefatura directa los avances de las tareas asignadas, conservando la prolijidadde los entregables y el apego a las normativas con las que se est√© desarrollando el servicio,con el fin de corregir a tiempo la direcci√≥n y desarrollo de los proyectos.Apoyar con funciones particulares de preventa en las propuestas comerciales para los clientes.Capacitarse continuamente y seg√∫n Agilesoft lo requiera, con el fin de cumplir requisitos t√©cnicos en proyectos y licitaciones y asegurar la calidad de los mismos.Consultar frecuentemente en fuentes oficiales de los diferentes fabricantes y marcas de lassoluciones que ofrece Agilesoft para resolver problemas y aplicar mejoras a los proyectos asignados.","Ambiente laboral grato, flexible, entretenido y din√°mico.contrato indefinidoHorario de trabajo de Lunes a Jueves de 09:00 hrs a 18:00 hrs y Viernes de 09:00 hrs a17:00 hrs.Lugar de trabajo: RemotoCaja Compensaci√≥n La AraucanaSeguro complementario de Salud y DentalComputadora de trabajoMedio d√≠a libre de cumplea√±os","Certificaciones en seguridad inform√°tica, como Fortinet (NSE1, NSE2, NSE3), Sophos Engineer (Sophos Central, Sophos Mobile, CE1, Sophos Central - Technicals), y Cyrebro Certified Integrator.Deseable conocimiento en servicios Ethical Hacking como pentesting, ingenier√≠a social, an√°lisis de vulnerabilidades, etc.","{'data': {'id': 2, 'type': 'seniority'}}",seniority,True,remote_local,,['Remote'],es,Cybersecurity,"['flexible_hours', 'health_coverage', 'computer_provided']",,,1715377263,,,108,https://www.getonbrd.com/jobs/ingeniero-en-ciberseguridad-agilesoft-spa-remote
gerente-de-fabrica-de-software-senior-remoto-ingles-b1-sophos-solutions-remote,Gerente de F√°brica de Software Senior Ingl√©s B1,"¬øQu√© requerimos? Profesional en Ingenier√≠a en Sistemas, Software o afines. Ingl√©s B1 5 a√±os de experiencia como l√≠der t√©cnico, gerente de desarrollo, l√≠der de desarrollo de software en f√°brica de software, QA, c√©lulas √°giles, desarrollo a la medida con m√°s de 20 personas. 5 a√±os de experiencia demostrada en la implementaci√≥n exitosa de soluciones de inteligencia artificial en proyectos de desarrollo de software. 5 a√±os de experiencia demostrable impactando m√©tricas de eficiencia y/o productividad integrando IA a procesos de f√°brica de software. 5 a√±os de experiencia comprobada en interacci√≥n con clientes (preventa y/o consultiva). Experiencia con patrones de dise√±o (POO, POE) MVC, MVVM, TOGAF, SOAP, clean architecture, etc. M√≠nimo 5 a√±os de experiencia como desarrollador o background con conocimiento de 1 o m√°s lenguajes como: Java, Net, RoR, PHP, manejo de bases de datos SQL y NoSQL, adecuado conocimiento de servicios web (API, Rest y/o SOAP) equipos front end, back end, bdd, etc. M√≠nimo 3 a√±os en manejo de dashboards de gesti√≥n e indicadores de desempe√±o como: m√©tricas de productividad (lead time, c√≥digo, WIP, Sprint, etc), del software (escalabilidad, tiempo de respuesta, RAS, etc) calidad (defectos, cobertura) y mejora continua en estos indicadores Conocimiento y apego a mejores pr√°cticas del mercado como: DevOps, Agilismo, ITIL, CoBIT, Design, TOGAF, SOAP, etc. M√≠nimo 4 a√±os con DevOps sobre AWS, GCP, Azure, Openshift, etc. Manejo de herramientas en mejora code clean, como: Sonarqube, veracode, sonarcloud, etc. Experiencia en la implementaci√≥n de procesos utilizando alguna IA como Microsoft (Github Copilot, Copilot chat) para AWS (Codewhisper Amazon Q para analizar vulnerabilidades, idioma, c√≥digo reutilizable, etc) ","Acerca del empleoSophos Solutions es una compa√±√≠a global de soluciones tecnol√≥gicas, con operaciones en 14 pa√≠ses alrededor del mundo. Nuestra casa matriz se encuentra en Colombia y contamos con filiales en 6 pa√≠ses incluyendo Colombia, Estados Unidos, M√©xico, India, Chile y Panam√°. Somos m√°s de 1.500 personas expertas en tecnolog√≠a, liderando proyectos que est√°n revolucionando la industria y transformando con √©xito las instituciones financieras m√°s importantes üåé "," Tendr√°s la oportunidad de: Liderar la implementaci√≥n de soluciones de inteligencia artificial en todas las etapas del ciclo de vida del desarrollo de software. Colaborar con los equipos de negocio y t√©cnicos para identificar oportunidades de aplicaci√≥n de inteligencia artificial que mejoren la productividad y la calidad del software. Dirigir la automatizaci√≥n de pruebas, la resoluci√≥n acelerada de errores y la generaci√≥n de documentaci√≥n utilizando t√©cnicas de inteligencia artificial. Supervisar el desarrollo e implementaci√≥n de sistemas de automatizaci√≥n de procesos en la f√°brica de software. Impulsar la cultura de innovaci√≥n y el aprendizaje continuo dentro del equipo. Promover pr√°cticas de aceleraci√≥n a nivel corporativo. Aportar en la creaci√≥n y refinamiento de las ofertas de F√°bricas Inteligentes de Software. Acompa√±ar a reuniones con clientes para explicar e implementar el modelo. ","Nosotros te ofrecemos üíú: Contrato a t√©rmino indefinido con fines de semana libres, trabajo remoto, salario justo de acuerdo con tu perfil en el mercado y beneficios extralegales. Acceso a nuestra propia plataforma de aprendizaje, para que te certifiques en tecnolog√≠as o habilidades necesarias para tu crecimiento. Medicina prepagada. Carta de beneficios para que elijas los que m√°s te gusten entre las opciones seg√∫n tus puntos (ej: seguro de mascotas, puntos para restaurantes, tarjetas de regalo, plataforma fit, entre muchos otros). "," Es un plus s√≠: Especializaci√≥n o maestr√≠a en desarrollo de software, ingenier√≠a de software, arquitectura de software, anal√≠tica avanzada o inteligencia artificial. Certificaciones o credenciales relevantes en inteligencia artificial o desarrollo de software (por ejemplo, IEEE Professional Software Developer Certification, M√°ster Prompt Engineer, AWS, Azure, GCP, entre otros). ","{'data': {'id': 5, 'type': 'seniority'}}",seniority,True,remote_local,,['Remote'],lang_not_specified,Programming,"['wellness', 'health_coverage', 'computer_provided', 'shopping_discounts']",4000.0,4300.0,1715279149,,,15,https://www.getonbrd.com/jobs/gerente-de-fabrica-de-software-senior-remoto-ingles-b1-sophos-solutions-remote
fullstack-net-angular-sophos-solutions-remote,Full-Stack .NET / Angular,"BSc degree in Computer Science, Engineering or a relevant fieldDemonstrable work experience as software engineer, software developer or similar function within 5 to 7 years of experience. * Should be able to eventually lead, own, and drive projects from start to end, including leading other resources of similar or less experienceIs familiar with the software development life cycle (SDLC) from preliminary system analysis to tests and deployment.Knowledge of the Principles & Patterns of Agile SoftwareAbility to understand and troubleshoot existing code and maintain existing systems.Ability to identity performance bottlenecks.Experience working with version control tools such as GIT and CI/CD tools like Team City/Jenkins/Octopus.Experience on Front End development (React, Angular, Javascript, Typescript)Experience on middle tier and back end development, web APIs, micro services, message queues, database interfaces.Experience with scripting and automation (for instance Power Shell, Python).Experience with SQL Server or other database technologyExperience with Object-Oriented Design, SOLID principles, and Design Patterns.Knowledge on distributed environments (micro services, AWS, identity server, dockers)Experience with Threading and Performance optimization.Experience with software quality, testing procedures and build automation toolsExperience with Unit Testing, Mocking and Dependency Injection frameworksAWS cloud development experience","¬øPor qu√© nosotros?Sophos Solutions es una compa√±√≠a global de soluciones tecnol√≥gicas, con operaciones en 14 pa√≠ses alrededor del mundo. Nuestra casa matriz se encuentra en Colombia y contamos con filiales en 6 pa√≠ses, incluyendo Colombia, Estados Unidos, M√©xico, India, Chile y Panam√°. Somos m√°s de 1.500 personas expertas en tecnolog√≠a, liderando proyectos que est√°n revolucionando la industria y transformando con √©xito las instituciones financieras m√°s importantes üåé Nuestro ADN lo define la multiculturalidad. Somos un espacio de trabajo diverso e inclusivo, que valora la diferencia y la innovaci√≥n.","Engage and learn about complex business rules related to financial areas as: Capital Markets, Private Equity and Asset ManagementCollaborate with the development of new features, enhancements and fix existing system bugs.Are eager to identify areas of improvement in the existent systems and feel empowered to proposed and implement creative solutionsInteract constant and dynamically with BA's, QA's and other peer to clarify business requirements.Development of high quality solutions in various technologies such as React, Javascript, .net Core, C#, SQL, Web & Rest API‚Äôs, Entity Framework.Troubleshoot, debug and upgrade existing systems.Write well-designed, scalable, and testable code.Design software solutions that efficiently fit in a existent application ecosystem.Develop software verification plans and quality assurance proceduresHave ability to drive projects from inception to completion.Advise on software development best practices.Lead technical design and code reviews to drive projects towards the best results.Excellent interpersonal and communication skills, including the ability to explain complex methodologies and results to the technical team.Collaborate with the local Unit team initiatives.","Medicina prepagada, carta de beneficios, Academia de aprendizaje y m√°s, ","Dockers, Containers, MicroservicesTerraformExperience other development language, such as WPF, F#, Python, Go Lang, Snowflake, SigmaExperience with Financial services","{'data': {'id': 4, 'type': 'seniority'}}",seniority,True,remote_local,,['Remote'],en,Programming,"['health_coverage', 'computer_provided', 'informal_dresscode', 'vacation_over_legal']",,,1715106106,,,71,https://www.getonbrd.com/jobs/fullstack-net-angular-sophos-solutions-remote
generative-ai-consultancy-lead-softserve-remote,Generative AI Consultancy Lead,"IF YOU AREQualified with a PhD or Master's degree in Computer Science, or a related fieldProfessional in Generative AI technologies, leading the development and implementation of strategiesUnderstanding client needs, and guiding them on leveraging Generative AI for innovative solutionsLeading and executing projects involving LLM models and applicationsLeading a team of AI experts during client engagements to showcase the capabilities and advantages of LLM‚ÄôsHands-on with Generative AI techniques and aware of its technical and logical aspectsProficient in SoTA in Machine Learning, Deep Learning, and their application to solving complex problemsAware of the software development life cycle of AI projects and Machine Learning operationalization processesExperienced in AI solutions deployment to cloud providers: GCP, AWS, or AzureWell-versed in PythonAdapting complex Generative AI concepts into clear explanations to non-technical audiencesQualified in Big Data solutions and advanced data tools in Cloud PlatformsUtilizing MLOps best practices (specifically for LLM models), for data manipulation, experiment design, developing analysis plans, and generating insightsA holder of solid interpersonal, analytical, and problem-solving skillsCapable of maintaining business and technical communication with teammates and clients in English (B2+)","WE ARESoftServe is a global digital solutions company with headquarters in Austin, Texas, founded in 1993. Our associates are currently working on 2,000+ projects with clients in the USA, Europe, APAC, and LatAm regions. We are about people who create bold things, make a difference, have fun, and love their work.We are transforming the way thousands of global organizations do business by developing the most innovative technologies and processes in Big Data, the Internet of Things (IoT), Data Science, and Experience Design.We are one of the largest teams in Eastern Europe that stood at the origins of Data Science, so you will get tons of experience while working with the best talents in the field.In a Data Science Center of Excellence, you will contribute to a wide range of projects in different areas, domains, and technologies.","AND YOU WANT TODesign project scope, and roadmap, estimate analytical and deployment effortsWork closely with clients to understand their business needs and provide recommendations on how to best leverage data to improve business outcomesTake on business challenges through innovative Generative AI applicationsLead and participate in AI workshops, discoveries, and initial engagements with clientsDevelop and deliver comprehensive proposals and architectural visions that incorporate LLMsInterpret analysis results as well as contribute to the proposals and architecture vision delivered to the customerWork with a diverse range of clients, across industries and sectorsUse the latest technology and tools in the field of Generative AI and LLMsCollaborate closely with clients to understand their challenges and offer strategic Generative AI solutions for impactful business outcomesHave the possibility to work with the latest Generative AI tools and algorithms, staying at the forefront of technological advancements","Communicate with world-leading companies, contributing to expanding our portfolio and winning new clientsWork as a team of highly skilled professionals passionate about exploring and implementing cutting-edge Generative AI solutionsParticipate in international events, gain certifications in state-of-the-art technologies, and grow professionallyBenefit from robust educational and mentorship programs tailored to Generative AI expertise",,"{'data': {'id': 5, 'type': 'seniority'}}",seniority,True,remote_local,,['Remote'],en,Machine Learning & AI,"['pet_friendly', 'flexible_hours', 'health_coverage', 'computer_provided', 'informal_dresscode', 'vacation_over_legal', 'beverages_and_snacks']",,,1715106106,,,16,https://www.getonbrd.com/jobs/generative-ai-consultancy-lead-softserve-remote
ios-senior-developer-softserve-remote,iOS Senior Developer,"IF YOU AREA holder of a Bachelor's degree in Computer Science, or a related fieldDemonstrating 5+ years in designing scalable and robust technical solutions as iOS Mobile Developer, well-known design patternsShowing experience with in common software architectural practices and principles (MVC, MVP, MVVM, Clean, SOLID)Proficient with Swift, Objective, XCode, Carthage, Cocoa Pods or SPMConsuming, developing, and integrating APIs: RESTfulProficient in unit testing with, and CI/CD pipelines, contributing to scalable, high-availability, low-latency, distributed solutionsHaving a fluent level of conversational and written English (B2+), for daily interactions with multicultural teams ","WE ARESoftServe is a global digital service and consulting company founded in 1993. We're working on 2,000+ projects with clients in the USA, Europe, APAC, and LatAm regions. Our team helps transform, accelerate, and optimize how our clients, including ISVs and Fortune 500 companies, do business. At SoftServe, we prioritize the values of strong partnerships, lean development, iterative improvements, flexibility, technical excellence, and the continuous gathering of customer feedback. Our client is a Smart Home provider, a leader in North America. They deliver an integrated smart home system with in-home consultation, professional installation, and support delivered by its Smart Home Pros, as well as 24/7 customer care and monitoring. Our client serves more than two million customers throughout the U.S.Forbes has included our client into top 10 Best Home Security Systems of 2024 and acknowledged them as a Best Company for Custom Smart Home Integration.","Collaborate closely with software engineers representing other disciplines to build amazing experiences from top to bottomLeverage your technical expertise and interpersonal skills to help the team make great implementation decisions together, including active participation in code reviews and other software lifecycle activitiesWork in a fast-paced, self-directed, agile environmentResearch and evaluate new technologies and toolsContribute to new feature development, maintenance, and architectural activitiesActively participate in the iOS guild with fellow engineers to develop better organization-wide development practices and solve hard problemsParticipate in a quarterly ""Innovation Week"" and work on innovative projects of your choicePut smart home products in your own home and experience your work product firsthand","Work as a central part of a cross-functional delivery teamCollaborate with product management, program management, QA, UX designers, and othersBuild customer experiences through integrations with energy service providersGain certifications from leading providers (Google, AWS & others)Create an exceptional customer experience and impact the company's global success and be recognized by Customer Hero ProgramCare for your wellness with a health insurance package","TOGETHER WE WILLWork as a central part of a cross-functional delivery teamCollaborate with product management, program management, QA, UX designers, and othersBuild customer experiences through integrations with energy service providersGain certifications from leading providers (Google, AWS & others)Create an exceptional customer experience and impact the company's global success and be recognized by Customer Hero ProgramCare for your wellness with a health insurance package","{'data': {'id': 4, 'type': 'seniority'}}",seniority,True,remote_local,,['Remote'],en,Mobile Development,"['pet_friendly', 'flexible_hours', 'health_coverage', 'computer_provided', 'informal_dresscode', 'vacation_over_legal', 'beverages_and_snacks']",,,1715106106,,,13,https://www.getonbrd.com/jobs/ios-senior-developer-softserve-remote
arquitecto-de-soluciones-colombia-sophos-solutions-medellin,Arquitecto de Soluciones Banca,"¬øQu√© requerimos?3 a 4 a√±os de experiencia m√≠nima como: Ingeniero infraestructura Cloud, Cloud DevOps, Lider soluciones CLOUD, soporte a infraestructura, soporte a aplicaciones, Solution Specialist CLOUD NUBE, Tech lead CLOUD, CLOUD Architect ingeniero CLOUD, gesti√≥n de ambientes, administrador CLOUD.Experiencia indispensable en sector financiero o banca, en proyectos de transaccionalidad o inter-operatividad bancaria, procesamiento de pagos, bajo est√°ndares como ISO 20022, TOGAF, FIBO o BIAN, open Banking (PSD2 o FDX)Conocimiento en seguridad, regulaciones y cumplimiento normativo espec√≠ficos del sector bancario. (ISO 27001, SOX; ITIL, CoBIT, PCI DSS, NIST, etc)Conocimiento en proyectos de migraci√≥n y dise√±o de arquitectura e infraestructura legada u On Premise a soluciones en la nube de AWS, Azure o GCP (migraci√≥n de SO, BDD, C√≥digo, ambientes, servicios web, almacenamiento de informaci√≥n, etc)Experiencia en levantamiento y an√°lisis de requerimientos, historias de usuario, etc.Experiencia en Monitorizaci√≥n de servidores y aplicaciones con plataformas: Tivoli System Center, Nagios, Solarwinds, etc.Conocimiento de soluciones y servicios cloud sobre la filosof√≠a CI CD (Continuos Integration, Continuos delivery, DevOps, GitOps, Testing Orchestration, etc.)","Sophos Solutions es una compa√±√≠a global de soluciones tecnol√≥gicas, con operaciones en 14 pa√≠ses alrededor del mundo. Nuestra casa matriz se encuentra en Colombia y contamos con filiales en 6 pa√≠ses incluyendo Colombia, Estados Unidos, M√©xico, India, Chile y Panam√°. Somos m√°s de 1.500 personas expertas en tecnolog√≠a, liderando proyectos que est√°n revolucionando la industria y transformando con √©xito las instituciones financieras m√°s importantes üåé Nuestro ADN lo define la multiculturalidad. Somos un espacio de trabajo diverso e inclusivo, que valora la diferencia y la innovaci√≥n. Estamos en un proceso de transformaci√≥n, innovaci√≥n y apertura de nuevas unidades de negocio, por ello, te invitamos a integrarte al equipo como: Arquitecto de Soluciones Migraci√≥n Banca biling√ºe con experiencia en frameworks como BIAN, FIBO, Open Banking, as√≠ como, est√°ndares de pagos internaciones como Swift o ISO 20022 en esquema h√≠brido en Medell√≠n o Bogot√°.","Tendr√°s la oportunidad de:Dise√±ar, migrar e implementar arquitecturas de soluciones legadas de banca a nube, realizando la actualizaci√≥n de SO, Base de datos, lenguajes y framework.Aplicar est√°ndares de arquitectura como: TOGAF, BIAN, FINO; Open Banking, etc.Apego a est√°ndares locales e internacionales de pago como: Swift o ISO 20022Libertad creativa, innovaci√≥n y nuevos desarrollos ","Nosotros te ofrecemos üíúContrato a t√©rmino indefinido, trabajo H√çBRIDO, salario justo de acuerdo con tu perfil en el mercado y beneficios extralegales.Oportunidad de participar en proyectos de talla internacional con expertos de todo el mundo, para las instituciones financieras m√°s grandes.Puedes crear tu plan carrera, nosotros te damos todas las herramientas para que lo desarrolles y avances hacia tus metas.Acceso a nuestra propia plataforma de aprendizaje, para que te certifiques en tecnolog√≠as o habilidades necesarias para tu crecimiento.Carta de beneficios para que elijas los que m√°s te gusten.","Es un plus s√≠:Tienes conocimiento de conceptos bancarios como: Pagos, dep√≥sitos, certificados de dep√≥sito a t√©rmino (CDT), cuentas bancarias, diversos tipos de cr√©ditos (hipotecarios, de consumo, leasing). ","{'data': {'id': 4, 'type': 'seniority'}}",seniority,False,hybrid,,['Colombia'],en,SysAdmin / DevOps / QA,[],,,1715106106,,,39,https://www.getonbrd.com/jobs/arquitecto-de-soluciones-colombia-sophos-solutions-medellin
aws-cloud-architecture-lead-softserve-remote,AWS Cloud Architecture Lead,"Showing 10+ years of experience in Information Technology, or Cloud Services as a leader of teams, projects, and programs and at least 3 years being a Cloud or Solutions ArchitectManaging AWS Partnership for at least 2 years: development of different AWS competencies, service delivery programs, collaboration with AWS account teams, PSMs, PDMs, PDSAs, AWS funding programs, etc.An expert in software architecture principles and practices, and designing systemsHands-on with complex cloud migration projects (from assessment till modernization phase), greenfield, and leading multiple projectsMaking decisions on architecture and tooling, processes, and expert education modelKnowledgeable in AWS Cloud security, AWS Cloud networking, OS administration, CI/CD, virtualization, containers and orchestration, databases, IAC, scripting and/or programming languages, configuration management, logging, monitoringExperienced in presales and proposal preparation, communication with engineers, Directors, VPs, and C-levelA holder of AWS Solutions Architect certificate, like AWS Certified DevOps Engineer/ AWS Certified Security or Advanced Networking","WE ARESoftServe AWS Cloud Practice is a part of Critical Services CoE has developed a strong partnership with Amazon Web Services. Being a part of the international community, we participate in major worldwide AWS events (AWS re: Invent, AWS Summits, AWS DevDays, AWS GameDays, AWS Ambassador meet-ups, and other events) and develop multiple AWS User local communities. We are recognized as an AWS Premier Tier Service Partner with 500+ certified AWS experts company-wide, experienced AWS Cloud Architects and experts, and 2 AWS Partner Ambassadors. Our AWS Cloud Practice continuously develops AWS service offerings and repeatable solutions, publishes them on AWS Marketplace, collaborates with multiple AWS service teams with access to their roadmap, participates in early preview, and launch of new AWS Cloud services and tools, AWS Professional Services program, conducts AWS Well-Architected Reviews, AWS Immersion Days and provides a variety of other AWS services and offerings.","Work with huge enterprises as their advisor for digital transformationDevelop AWS cloud partnership, get new competencies, onboard service delivery programs, lead Well-Architected Review and Immersion Days programs for specified regionsBecome AWS Partner Ambassador and AWS Community BuilderSupport Account Executives and Partner Sales Managers with partnership, competencies, specializations, service delivery programs.Lead AWS Cloud Practice in a specific regionProvide pre-sales support for Account Executives and portfolio development support for Client Partners by presenting our capabilities to customers and partnersDevelop repeatable solutions, accelerators, and related service offerings. Become a solution ownerEnhance SoftServe Professional Services for AWSParticipate in different brand awareness and partner marketing activities and campaignsGrow our team by interviewing and mentoring other experts","Embrace wide career opportunities, challenging projects, top-notch technologies, and a clear career path with SoftServe People Excellence programExtend your skill set and gain practical experience by cooperating with seasoned SoftServians at the New Experience Board programBe a part of something bigger than a single project in the professional communityAccess local-grown, yet global IT minds and exclusive networking opportunities with expert groups and professional eventsCare for your wellness with a health insurance package",,"{'data': {'id': 5, 'type': 'seniority'}}",seniority,True,remote_local,,['Remote'],en,SysAdmin / DevOps / QA,"['pet_friendly', 'flexible_hours', 'life_insurance', 'paid_sick_days', 'health_coverage', 'dental_insurance', 'computer_provided', 'education_stipend', 'fitness_subsidies', 'informal_dresscode', 'vacation_over_legal', 'beverages_and_snacks', 'vacation_on_birthday']",4600.0,6800.0,1715106105,,,61,https://www.getonbrd.com/jobs/aws-cloud-architecture-lead-softserve-remote
middle-devops-engineer-softserve-remote,Middle DevOps Engineer,"A holder of a Bachelor's degree in Computer Science, or a related field Confident with Cloud technologies (any cloud) or in learning themInitial Foundational / Fundamentals certification from any of Cloud providers would be a plusSkilled in CI/CD process and any of CI/CD toolsFamiliar with :‚Ä¢ Git‚Ä¢ Containerization (Docker)‚Ä¢ Linux/Windows VMs administration‚Ä¢ Bash/Powershell‚Ä¢ TroubleshootingAware of:‚Ä¢ IaC tools (Terraform)‚Ä¢ GitOps and tools (ArgoCD)‚Ä¢ Microservices architecture‚Ä¢ API management‚Ä¢ Kubernetes basics and various k8s-related tools (CLI, k9s, Rancher, Lens)‚Ä¢ Monitoring and observability tools (Dynatrace, Splunk)‚Ä¢ Python / Groovy (be able to read and understand code)","WE AREoftServe is a global digital service and consulting company founded in 1993. We're working on 2,000+ projects with clients in the USA, Europe, APAC, and LatAm regions. SoftServians help transform, accelerate, and optimize how our clients, including ISVs and Fortune 500 companies, do business. We are a multicultural team based in Ukraine, Mexico, and Chile. We also collaborate tightly with our customer's IT teams. We are a team of more than 50 specialists working in the Devops area to join the client SRE/DevOps professional team. You will be responsible for managing and automating the deployment, scaling, and monitoring of our applications and infrastructure. As a DevOps Engineer, you will work closely with the development and operations teams to ensure that our applications are reliable, scalable, and secure.","‚Ä¢ Work with a Professional DevOps/SRE team‚Ä¢ Use Microsoft Azure services‚Ä¢ Develop along with operations teams to design, build, and maintain our infrastructure‚Ä¢ Work with SRE/DevOps tickets‚Ä¢ Troubleshoot and resolve issues related to infrastructure, application, and environment‚Ä¢ Stay up-to-date with the latest industry trends to ensure that our infrastructure and processes are modern and efficient",," ‚Ä¢ Build a culture of collaboration where everyone is encouraged to share their ideas and insights. ‚Ä¢ Work together to overcome challenges and deliver high-quality software solutions on time and on budget. ‚Ä¢ Foster a culture of continuous learning, where everyone is encouraged to grow and develop their skills.","{'data': {'id': 2, 'type': 'seniority'}}",seniority,True,remote_local,,['Remote'],en,SysAdmin / DevOps / QA,"['accessible', 'pet_friendly', 'flexible_hours', 'life_insurance', 'paid_sick_days', 'bicycle_parking', 'digital_library', 'health_coverage', 'dental_insurance', 'computer_provided', 'education_stipend', 'fitness_subsidies', 'informal_dresscode', 'vacation_over_legal', 'beverages_and_snacks', 'vacation_on_birthday']",2000.0,3000.0,1715106105,,,101,https://www.getonbrd.com/jobs/middle-devops-engineer-softserve-remote
paid-ads-ppc-adwords-expert-rip-media-group-remote,"Paid Ads, PPC, Adwords Expert","You will work directly the the CMO & Founder and work with him on a weekly basis. Below are some of the responsibilities a Google Ads expert is expected to assume in their position:Manage all aspects of Google Ad campaignsCreate and optimize ad campaigns and paid search landing pagesAnalyze and optimize ad campaigns to increase return on investment (ROI)Use Google Ads to drive a variety of online marketing campaignsAnalyze and optimize pay-per-click (PPC) campaigns to increase ROIManage and optimize display campaigns across multiple devicesDevelop PPC strategies to increase online visibilityCollaborate with a team of marketers, Google Ads specialists, and engineers","We are Rip Media Group, a boutique and premier storytelling agency that serves startup to Fortune 1000 companies in the US and Europe.Our passion is telling customers stories in video, social media content, and help them pitch their brand better than ever before.The launch of our new Ai product is a big opportunity, so you will work with and keep us organized, and use our templates and messages to share, send, and connect with our audiences via Linkedin, X and email outreach to promote it, and online courses as well. The Ai product is being built, and the beta can be seen at Script-Timer.aiWe are building the personal brand of the founder and CEO, who needs to keep tasks, projects, mail and calendar organized and up to date.","Your primary responsibilities will be the creation of, and maintaining Google Ad and Meta accounts of our company and analyzing the results to identify patterns and trends that can help us improve the efficiency and usability of our products and services. You will also be expected to improve our Google Ads accounts and maximize the return on our investment.",,"A provable record of organizing and helping boost the social media presence of an organization, or person. You have created and executed digital marketing to inform, advertise, and attract interest.Below are the qualifications expected of a Google Ads expert:A degree in digital marketing or a related business fieldIn-depth knowledge of Google Ads, Microsoft Advertising (formerly Bing Ads), and Google AnalyticsAn understanding of search engine optimization (SEO) and search engine marketing (SEM)Google Ads certification Competency with using Word, Excel, and PowerPoint to produce reports and presentations for clientsIt is desirable if you have expertise using Ai and Search Console to improve SEO performance as well as paid ads.","{'data': {'id': 4, 'type': 'seniority'}}",seniority,True,fully_remote,,['Remote'],en,Digital Marketing,"['remote_full', 'flexible_hours', 'informal_dresscode']",,,1715001566,0.0,2.0,47,https://www.getonbrd.com/jobs/paid-ads-ppc-adwords-expert-rip-media-group-remote
senior-sugarcrm-engineer-softserve-remote,Senior Sugar CRM Engineer,"Having more than 4 years of professional background in SugarCRMSkilled in designing and developing SugarCRM applicationsGreat at maintenance of quality systems within the group challengesEnsuring customer satisfaction, and implementation as a part of project successProficient in Modules customization and writingConfident in CRM software migration, and 3rd party software integrationStrong in creating upgrade-safe modulesExperienced in PostgreSQL, MySQL, SQL profiling and query optimizationGood at NoSQL data backends (Redis, MongoDB, Elasticsearch)Designing and developing application components following a Microservices architectureB2+ English levelLocated in Chile (mandatory)","WE ARESoftServe is an IT company, we are advisors and providers who operate on the cutting edge of technology. With you, we set goals and reach them to grow better together, learning from both successes and mistakes. We are a team of thinkers and makers in more than 40 offices in 12 countries, true professionals and good people, who like what we do and do it well.With us, you will participate in a variety of projects with one of the best food delivery companies in the world located in the UK. The product operates in 500 cities across the globe with 60,000 restaurants and 80,000 couriers delivering delicious food to the homes of the customers.We will together build and support the product that will help millions of people get delicious food from the best restaurants in the world.As a part of the top-expert team, you will get a chance to take on world-class challenges, work with cutting-edge technologies, and contribute to the growth of the client, SoftServe, and yourself.","Plan, implement, and deploy changes following established SDLC and best practices for coding, testing, and monitoring in SugarCRMProduce technical design, test, and documentation for projects with complex dependenciesDeal with troubleshooting, debugging, and fixing issues, as they ariseParticipate in Scrum meetings, and contribute to requirements estimation, design, and code reviewsCommunicate and collaborate with cross-functional and distributed teamsBecome the expert on your team‚Äôs business and technical domainsGrow the team by attracting, onboarding, and coaching new/Junior engineersBecome an expert on the technical stack your team owns, gaining knowledge in your team's business domains","SoftServe es una empresa que ofrece igualdad de oportunidades. Nuestras ofertas laborales est√°n abiertas a todos quienes, dentro del marco de la Ley de Inclusi√≥n, quieran formar parte de esta gran Empresa, aportando con sus distintas capacidades y fortalezas, tanto humanas como profesionales. Pongamos tu talento y experiencia en movimiento con SoftServe","TOGETHER WE WILLEnjoy a flexible approach to the workplace, allowing you to work from any place in MexicoCare for your and your family‚Äôs wellness with a Health and Life insurance packageHave access to wide career opportunities, engaging projects, cutting-edge technologies, and a well-defined career path through our People Excellence programGain certifications from leading providers (Google, AWS & others)Run the project for our client to build a great product that makes an impact on the worldDevelop and work with a great team across Ukraine, European countries, and the UK","{'data': {'id': 4, 'type': 'seniority'}}",seniority,True,remote_local,,['Remote'],en,Programming,"['pet_friendly', 'flexible_hours', 'health_coverage', 'computer_provided', 'informal_dresscode', 'vacation_over_legal', 'beverages_and_snacks']",,,1713902805,,,1,https://www.getonbrd.com/jobs/senior-sugarcrm-engineer-softserve-remote
xamarin-engineer-senior-moventi-remote,Xamarin Engineer Senior,"Looking for a senior Microsoft Xamarin engineer with about 5 years of experience. The cross-platform engineer. Also, should have commercial experience working with MAUI.Front-end a must, back-end an asset.English B2+ or C1","We are a digital transformation and innovation consulting firm that develops solutions for corporate clients and high impact ventures. To date we have developed more than 200 digital projects, our expertise ranges from planning and development of digital products to consulting implementation and dissemination in digital media.At Moventi we are looking for you, we know that our human talent is a key point to achieve success, so we are looking for people with DNA of passion and ingenuity to assume the position of Xamarin Engineer ","‚Ä¢ Analysis, design and development of mobile applications for both Android (Google and Huawei) and iOS with Xamarin.‚Ä¢ Create and manage certificates for Android, iOS and Huawei applications. ‚Ä¢ Deployment of applications in the Apple, Android and Huawei stores. ‚Ä¢ Unit testing of your developments and validation before moving to QA. ‚Ä¢ Documentation of the solutions developed.",,,"{'data': {'id': 4, 'type': 'seniority'}}",seniority,True,fully_remote,,['Remote'],en,Programming,['remote_full'],2800.0,3800.0,1713559541,,,15,https://www.getonbrd.com/jobs/xamarin-engineer-senior-moventi-remote
analista-gobierno-de-datos-hibrido-caja-los-andes-santiago,Analista Gobierno de Datos (H√≠brido),"Poseer formaci√≥n en Ingenier√≠a en inform√°tica o carrera af√≠n.Experiencia Gobierno de Datos (Alto) y gesti√≥n de datos.Fundamentos B√°sicos de BI.Conocimientos de protecci√≥n y privacidad de datos(Ley chilena, GDPR, ISO, etc).Experiencia en gesti√≥n de programa de proyectos, proyectos y requerimientos.Conocimiento en metadata (Deseable).","¬°S√© parte de Caja Los Andes y su Gerencia Corporativa de Operaci√≥n Tecnol√≥gica e impacta en m√°s de 4 millones de afiliados/as! Apoyamos en el bienestar social a millones de familias de nuestro pa√≠s e impulsamos iniciativas sostenibles, de ayuda social y beneficios que brindan acceso e inclusi√≥n.Nos preocupamos por las personas y promovemos entornos diversos fomentando una cultura inclusiva. Por esto y m√°s hemos sido reconocidos por el cuidado por nuestros equipos y obtuvimos el puesto 5 en Great Place to Work (General) y el 3ro en el ranking espec√≠fico sobre mujeres.","Identificar, definir y priorizar los dominios de datos de la organizaci√≥n y liderar los procesos de levantamiento de estos.Asegurar la adopci√≥n y gobernanza de los dominios de datos levantados, incluyendo la definici√≥n y gesti√≥n de roles y responsabilidades.Gestionar la implementaci√≥n de proyectos de Gobierno de Datos para que sean llevados seg√∫n la planificaci√≥n y con los recursos definidos.Trabajar en colaboraci√≥n con las diferentes √°reas de Caja para promover la cultura del dato.Implementar el plan de calidad de datos de Caja los Andes.Evaluar y gestionar riesgos de privacidad asociados a proyectos, terceros y requerimientos.Gestionar el programa de privacidad asociado a nuevas leyes y/o cambios regulatorios.","Contamos con una jornada de 39 hrs semanales, saliendo los viernes a las 14:30 hrs.Seguro de salud.Podr√°s desarrollarte profesionalmente, con distintas instancias de formaci√≥n.D√≠a libre por tu cumplea√±os para que celebres como prefieras.Si requieres de alg√∫n ajuste razonable/adaptaci√≥n para una videollamada o para el puesto, ¬°por favor no dejes de aclararlo en tu postulaci√≥n!¬°Tu talento en Caja Los Andes puede lograr grandes cosas!",,"{'data': {'id': 3, 'type': 'seniority'}}",seniority,False,hybrid,,['Chile'],lang_not_specified,Data Science / Analytics,"['wellness', 'accessible', 'flexible_hours', 'bicycle_parking', 'free_car_parking', 'computer_provided', 'fitness_subsidies', 'informal_dresscode', 'vacation_over_legal', 'vacation_on_birthday', 'parental_leave_over_legal']",2000.0,2700.0,1712606258,,,102,https://www.getonbrd.com/jobs/analista-gobierno-de-datos-hibrido-caja-los-andes-santiago
senior-cloud-engineer-n5738-nisum-latam-remote,Senior Cloud Engineer (AWS),"Minimum Qualifications:Advanced English skillsAt least 7 years as a Developer in a Full-stack capacity.At least 3 years‚Äô experience with AWS Cloud ServicesComprehensive experience with AWS including a solid understanding of CI and CD, Amazon S3, RDS, EC2, SQS, IAM and Route 53Experience with web application development in distributed and parallel systems, developing large scale and highly concurrent software systems, and security software development.Experience with Amazon Serverless Services (Lambda, DynamoDB, SQS, SNS, S3, CloudFront, and Cloudwatch).Experience with at least two general purpose programming languages (Java, nodeJS, or Python, etc.)Front-End experience with React and/or Angular.7+ of years of experience in performing duties utilizing skills listed above or a bachelor's degree in information technology or related field.","Nisum is a leading global digital commerce firm headquartered in California, with services spanning digital strategy and transformation, insights and analytics, blockchain, business agility, and custom software development. Founded in 2000 with the customer-centric motto ‚ÄúBuilding Success Together¬Æ,‚Äù Nisum has grown to over 1,800 professionals across the United States, Chile,Colombia, India, Pakistan and Canada. A preferred advisor to leading Fortune 500 brands, Nisum enables clients to achieve direct business growth by building the advanced technology they need to reach end customers in today‚Äôs world, with immersive and seamless experiences across digital and physical channels.Nisum is an Equal Opportunity Employer and we are proud of our ongoing efforts to foster diversity and inclusion in the workplace.","‚Ä¢ Designs and implements roadmaps for cloud-based data infrastructures‚Ä¢ Monitor server performance and capacity loads; ensuring accessibility and availability‚Ä¢ Implement automation for cloud platforms; establish monitoring and alerting systems‚Ä¢ Design and maintain server, storage, network, and partner in security infrastructure‚Ä¢ Seeks solutions and helps provide the tools and infrastructure for a DevOps to the development team.‚Ä¢ Mentor other DevOps and Cloud Engineers‚Ä¢ Work with engineers to create and maintain documentation for infrastructure systems, policies and procedures‚Ä¢ Provide Amazon AWS solutions to current projects and initiatives‚Ä¢ Duties as assigned","- Belong to an international and multicultural company that supports diversity.- Be part of international projects with a presence in North America, Pakistan, India and Latam.- Work environment with extensive experience in remote and distributed work, using agile methodologies.- Culture of constant learning and development in current technologies.- Pleasant and collaborative environment, with a focus on teamwork.- Access to learning platforms, Google Cloud certifications, Databricks, Tech Talks, etc.- Being part of various initiatives and continuous participation in internal and external activities of innovation, hackathon, technology, agility, talks, webinars, well-being and culture with the possibility not only to participate but also to be an exhibitor.- Since you live in Chile you will also have access to several benefits related to our center :)!",,"{'data': {'id': 4, 'type': 'seniority'}}",seniority,True,fully_remote,,['Remote'],en,SysAdmin / DevOps / QA,['remote_full'],,,1710786695,,,67,https://www.getonbrd.com/jobs/senior-cloud-engineer-n5738-nisum-latam-remote
senior-security-engineer-n5767-nisum-latam-remote,Senior Security Engineer,"- Advanced experience with SIEM administration, including watch list creation, alerting tuning, threat feeds, use case development, and case/incident management.- Proven experience working with leading EDR solutions, CAS, IDS/IPS, network- and host-based firewalls, data leakage protection (DLP), DAM (Database activity monitoring)- In-depth, hands-on experience with at least two of the following technologies: Unix administration, Windows Server administration, Active Directory, Windows Workstation, Routers /Switches management, Firewall Management, SANS/NAS, Web servers, IAM/AAA, IDS/HDS, System vulnerability scanning tools, Application/Database vulnerability scanning tools.- Ability to analyze possible attack activities such as network probing/ scanning, DDOS, malicious code activity, and possible abnormal activities, such as worms, Trojans, viruses, etc., and coordinating remediation actions as necessary.- Understanding and working knowledge of MITRE ATT&CK Framework and security forensics.- Experience with security industry standards and best practices. Proven experience with the interpretation and implementation of those standards in a corporate environment. - Strong knowledge of cybersecurity frameworks, regulations, and compliance standards (e.g., NIST, ISO 27001, FERPA)- Excellent written and verbal communication skills, interpersonal and collaborative skills, and the ability to communicate strategic information security topics, policies, and standards, as well as risk-related concepts, to technical and non-technical audiences at various hierarchical levels.- Understanding of network devices such as routers and switches. TCP/IP knowledge- Understanding of common network services (web, mail, FTP, etc.), network vulnerabilities, and network attack patterns.- Ability to work effectively under pressure and in a fast-paced environment.Qualifications:- 7+ years of proven experience in a SOC Analyst role- 10+ years working in the Cybersecurity Domain, securing enterprise-level networks- Industry certifications such as CYSA+, CEH, OWASP or GIAC certifications (preferred)- Bachelor's degree in Cybersecurity or related field (Master‚Äôs preferred)- Advanced proficiency in security tools, including SIEM (Splunk or Devo), EDR (Carbon Black or CrowdStrike), IDS/IPS, and threat intelligence platforms.- Excellent analytical, problem-solving, and communication skills","Nisum is a leading global digital commerce firm headquartered in California, with services spanning digital strategy and transformation, insights and analytics, blockchain, business agility, and custom software development. Founded in 2000 with the customer-centric motto ‚ÄúBuilding Success Together¬Æ,‚Äù Nisum has grown to over 1,800 professionals across the United States, Chile,Colombia, India, Pakistan and Canada. A preferred advisor to leading Fortune 500 brands, Nisum enables clients to achieve direct business growth by building the advanced technology they need to reach end customers in today‚Äôs world, with immersive and seamless experiences across digital and physical channels.Nisum is an Equal Opportunity Employer and we are proud of our ongoing efforts to foster diversity and inclusion in the workplace.","Responsible for managing the Security Information and Event Management (SIEM) system, including creating and tuning alerts, developing use cases for threat detection, managing threat feeds, and overseeing case and incident management.Work with Endpoint Detection and Response (EDR) solutions to secure endpoints, as well as manage other endpoint security tools like CAS (Content Addressable Storage), IDS/IPS (Intrusion Detection/Prevention Systems), and DLP (Data Leakage Protection) solutions.Oversee the configuration and management of network-based security devices such as firewalls, routers, and switches, ensuring that they are properly configured to protect against various threats and vulnerabilities.Conduct system vulnerability scans and analyze the results to identify potential security weaknesses. You will also be responsible of coordinating remediation efforts to address any identified vulnerabilities.You should be adept at analyzing potential attack activities and coordinating appropriate response actions. This involves understanding attack vectors, malware analysis, and incident forensics.Ensure that the organization adheres to cybersecurity frameworks, regulations, and compliance standards such as NIST, ISO 27001, and FERPA. This may involve interpreting and implementing these standards within the organization.You should have strong communication skills to effectively communicate security topics, policies, and standards to both technical and non-technical audiences within the organization. This includes educating staff on cybersecurity best practices and risk-related concepts.You will proactively seek opportunities to improve the organization's security posture by staying updated on the latest security threats, technologies, and best practices.","- Belong to an international and multicultural company that supports diversity.- Be part of international projects with a presence in North America, Pakistan, India and Latam.- Work environment with extensive experience in remote and distributed work, using agile methodologies.- Culture of constant learning and development in current technologies.- Pleasant and collaborative environment, with a focus on teamwork.- Access to learning platforms, Google Cloud certifications, Databricks, Tech Talks, etc.- Being part of various initiatives and continuous participation in internal and external activities of innovation, hackathon, technology, agility, talks, webinars, well-being and culture with the possibility not only to participate but also to be an exhibitor.- If you live in Chile or Colombia you will also have access to several benefits related to our centers :)!",,"{'data': {'id': 5, 'type': 'seniority'}}",seniority,True,remote_local,,['Remote'],en,Cybersecurity,[],,,1710782759,,,25,https://www.getonbrd.com/jobs/senior-security-engineer-n5767-nisum-latam-remote
staff-site-reliability-engineer-n5737-nisum-latam-remote,Staff Site Reliability Engineer N5737,"Knowledge, Skill and Abilities:- Demonstrated ability to work with monitoring and alerting platforms; New Relic and Opsgenie.- Practical knowledge of CI/CD technologies; Github, CodePipeline.- Practical knowledge of programming languages; Python and Java.- Practical knowledge of databases; Oracle, Postgres, DynamoDB.- Demonstrated ability with chaos engineering technologies.- Demonstrated ability to perform technical analysis in a discovery fashion, resulting in architecture artifacts such as a logical system deployment diagram, sequence diagram, state diagram, ERD, etc. This must be performed in UML.- Practical knowledge of design patterns, the conditions that indicate their usage and an ability to identify anti-patterns when presented a diagram that contains the relevant information.- Practical knowledge of various application architectures; must be well familiar with Martin Fowler‚Äôs Enterprise Application Design Patterns.- Can execute through soft skills as this position is one of leadership but has no direct reports.Competencies: Organizational or Student Impact:- Recommends and implements changes in technical/business processes; identifies areas for improvement.- Helps lead/coordinate extremely complex technical projects and programs and leads development and implementation of innovative solutions for specialized technical issues.- Works proactively; identifies and helps prevent/ solve problems that may cross disciplines.- Fully understands and quantifies project risks with impact. Identifies, generates, and implements innovative solutions.Problem Solving & Decision Making:- This individual accomplishes goals and objectives independently.- Builds and leads teams, influencing decisions and results.- Uses discretion to fully scope, design, and implement solutions to complex technical problems.- The individual provides regular technical advice and direction to technical teams and management.- Models and helps set high standards for effective interactions with internal and external individuals.Communication & Influence:- Communicates with parties within and outside of their job function and typically has responsibilities for communicating with parties external to the organization.- Works to influence others to accept and understand new concepts, practices, and approaches. Requires ability to communicate with executive leadership regarding matters of significant importance to the organization.- This individual may conduct briefings with senior leaders within the technical function.Leadership:- Frequently responsible for providing guidance, coaching, and training to other employees across the Company within the area of expertise.- Responsible for managing large, complex project initiatives or strategically important solutions to the organization, involving large cross-functional teams.- May have direct reports but generally fewer than three.Minimum Qualifications:- The individual is acknowledged within the group as a subject matter expert.- Typically requires a University Degree or equivalent experience.- 9 years of prior relevant experience.Department Specific Minimum Qualifications:- Bachelor's degree in computer science, information technology, or a related field. - Appropriate prior experience and depth may be substituted for this qualification.- 9 years experience in site reliability engineering, systems administration, or software development; automating approaches and technologies in engineering- Experience in web-based applications and integrations to enable those application using Java, Python, REST, JSON/YAML, XML, SQL and other technologies, including experience integrating third-party products- Experience in monitoring and alerting platforms, especially New Relic and Opsgenie.","Nisum is a leading global digital commerce firm headquartered in California, with services spanning digital strategy and transformation, insights and analytics, blockchain, business agility, and custom software development. Founded in 2000 with the customer-centric motto ‚ÄúBuilding Success Together¬Æ,‚Äù Nisum has grown to over 1,800 professionals across the United States, Chile,Colombia, India, Pakistan and Canada. A preferred advisor to leading Fortune 500 brands, Nisum enables clients to achieve direct business growth by building the advanced technology they need to reach end customers in today‚Äôs world, with immersive and seamless experiences across digital and physical channels.Nisum is an Equal Opportunity Employer and we are proud of our ongoing efforts to foster diversity and inclusion in the workplace.","The Staff Site Reliability Engineer is a position of technical expertise, influence, and leadership in the technology realm. The position requires the individual to apply their expert knowledge to ensure best practices and well-engineered architecture across multiple teams. They will also be a key stakeholder and initiator of major changes to processes, engineering practices, and system administration. This position will be required to work in a space of solving critical issues and initiatives across multiple teams. It will require an extensive and deep understanding of cutting-edge practices and innovative approaches to problems. Staff Site Reliability Engineers are also tasked with establishing and maintaining a positive and productive culture based on the client Leadership Principles.Functions and Responsibilities:- Identify and reduce redundant, unnecessary processes by asking the question, ‚ÄúIs this process improving our ability to reliably deliver software to our customers?‚Äù- Help resolve bugs causing consistent reliability issues by working to identify the root cause and proposing short-term and long-term solutions to triage and resolve them.- Advocate for reliable design patterns in our distributed systems (graceful failure in the event of absent dependencies, share-nothing architecture, loose coupling of services, etc.) and work to get reliability features prioritized in team backlogs.- Identify reliability concerns before they become an outage via engagements with teams regarding major code revisions.- Collaborate with developers, designers, testing, and product management to address issues with service reliability or performance.- Work with Product to create and update KPIs for their products to allow business process level observability of throughput.- Work with product teams to set SLO, SLI, and error budgets for their services.- Participate in an on-call rotation and respond to major incidents.- Performs other related duties as assigned.","- Belong to an international and multicultural company that supports diversity.- Be part of international projects with a presence in North America, Pakistan, India and Latam.- Work environment with extensive experience in remote and distributed work, using agile methodologies.- Culture of constant learning and development in current technologies.- Pleasant and collaborative environment, with a focus on teamwork.- Access to learning platforms, Google Cloud certifications, Databricks, Tech Talks, etc.- Being part of various initiatives and continuous participation in internal and external activities of innovation, hackathon, technology, agility, talks, webinars, well-being and culture with the possibility not only to participate but also to be an exhibitor.- Since you live in Chile you will also have access to several benefits related to our center :)!","- Technical Experience in any of the following:Amazon Web Services (AWS), Jira, Agile/Scrum, Python, OAuth 2, IDM/OSSO, Ruby/Rails, PHP, Hibernate/Seam, J2EE, Tomcat, jQuery, JavaScript, NOSQL, Angular, New Relic, Opsgenie.","{'data': {'id': 4, 'type': 'seniority'}}",seniority,True,fully_remote,,['Remote'],en,SysAdmin / DevOps / QA,['remote_full'],,,1710453041,,,40,https://www.getonbrd.com/jobs/staff-site-reliability-engineer-n5737-nisum-latam-remote
mid-frontend-developer-ensitech-remote,Mid Front-end Developer,"Front-End (Mid) with principal experience in JavaScript, React 3+ years.Desirable 1+ years of experience using Node.js.Experience in integration of REST API¬¥s.Experience with version control systems such as Git.Familiarity with database systems such as MongoDB or PostgreSQL.Advanced English.Agile with Scrum.","Join #Ensiteam!We are a company focused on custom software development and we have been in the market for more than 19 years. At Ensitech we are dedicated to finding highly specialized talent to work with large companies in the United States, Europe, and Canada.Each one of our collaborators works with different teams and colleagues around the world, in the design and commercialization of software. The project consists of a brief detail of a front-end module/component development for a web application using ReactJS. We look forward to having you as part of our team in the role of Frontend Developer","Development of some new screens for software that the client already has.Development of a front-end module/component for a web application using ReactJS.You will employ a specific standard to create any modules/components, which the team will share in due course during onboarding sessions.Collaborate on the same repositories according to GitHub flows for code validation and verification.Web consumption of APIS and reusable components from other teams, to maintain minimum code coverage before each deployment.Possible need to add or modify API calls, which are written using NodeJS.",‚úÖ100% remote opportunity.üéÅCompetitive salary and benefits.‚ú®Custom benefit package aligned to your experience and your needs.üåêWorking with foreign clients.,,"{'data': {'id': 3, 'type': 'seniority'}}",seniority,True,fully_remote,,['Remote'],en,Programming,"['remote_full', 'pet_friendly', 'flexible_hours', 'computer_provided', 'informal_dresscode', 'vacation_over_legal', 'beverages_and_snacks']",1600.0,2600.0,1710199721,1.0,1.0,1150,https://www.getonbrd.com/jobs/mid-frontend-developer-ensitech-remote
specialist-consultant-kibernum-bogota,Specialist Consultant,"Experiencia laboral, preferiblemente desarrollando proyectos de anal√≠tica, inteligencia de negocios, dise√±o de procesos y/o dise√±o e implementaci√≥n de herramientas.con certificaci√≥n en alguna de las dos Azure Administrator Associate certification OAzure Solutions Architect Expert certificatioingles avanzado","Kibernum, es una de las empresas l√≠deres en tecnolog√≠a presente en Chile, Per√∫, Colombia y USA.üåçLlevamos m√°s de 30 a√±os en el mercado entregando servicios de calidad y gran valor agregado a nuestros clientes, por lo que nos encontramos muy bien posicionados.üòéEn KIBERNUM nos mueve instalar capacidades flexibles, a trav√©s del mejor talentotech del mundo, para impulsar la evoluci√≥n digital. Actualmente contamos con una dotaci√≥n que supera los 1500 colaboradores, cuyas √°reas de expertise se destacan entre otras: tech, Staffing, IT Academy y Agile Delivery. ü§ü","Participar en las actividades especializadas de Soluciones, apoyando a los equipos de consultor√≠a en el desarrollo y documentaci√≥n de entregables especializados en Inteligencia de Negocios y Anal√≠tica o en Procesos y Herramientas.",Modalidad de trabajo: Bogot√° (Alternancia)‚Ä¢ Tipo de Contrato: Indefinido‚Ä¢ Horario: Lunes a Viernes (Horario de Oficina)‚Ä¢ Salario: a convenir,"Conocimientos intermedios de PowerApps, PowerAutomate, Experiencia de Usuarios e Interface para Usuarios (UX/UI) Conocimientos b√°sicos de Dataverse, SQL, modelaci√≥n de datos, Excel, y PowerBI ","{'data': {'id': 5, 'type': 'seniority'}}",seniority,False,hybrid,,['Colombia'],en,Data Science / Analytics,"['flexible_hours', 'computer_provided']",,,1709105669,,,12,https://www.getonbrd.com/jobs/specialist-consultant-kibernum-bogota
auditor-ti-controles-ciberseguridad-kti-hunter-santiago,Auditor TI (Controles Ciberseguridad),"Requisitos:¬∑ Ingeniero en Computaci√≥n, Redes, Inform√°tica, Cloud o af√≠n. ¬∑ Experiencia en Auditor√≠a y conocimientos s√≥lidos en el √°mbito de ciberseguridad.¬∑ Experiencia en an√°lisis de riesgos y vulnerabilidades en redes y sistemas de informaci√≥n.¬∑ Experiencia en configuraci√≥n y administraci√≥n de firewalls, IDS/IPS y otros dispositivos de seguridad de red, para monitorear y proteger la red contra actividades maliciosas.¬∑ Experiencia en herramientas de auditor√≠a de seguridad, como Nessus, Nmap, Wireshark, etc.¬∑ Conocimiento para llevar a cabo ejercicios de red team para simular ataques cibern√©ticos y evaluar la efectividad de los controles de seguridad mediante pruebas de penetraci√≥n controladas y escenarios de ataque realistas.¬∑ Conocimiento referente a seguridad inal√°mbrica, incluyendo protocolos como WPA2/WPA3, autenticaci√≥n de clientes, y mitigaci√≥n de ataques.¬∑ Experiencia en la detecci√≥n y respuesta ante amenazas avanzadas, incluyendo la comprensi√≥n de t√©cnicas de evasi√≥n y persistencia utilizadas por los atacantes.¬∑ Conocimientos de Arquitectura Tecnol√≥gica y plataformas Linux, Unix y Windows. Con al menos 3 a 4 a√±os de experiencia.¬∑ Conocimientos b√°sicos en hardening de Sistemas operativos.¬∑ Conocimientos sobre Framework y Est√°ndares de Seguridad (NIST, OWASP, ISO 27001, Cloud Security Alliance, CIS Controls, etc)¬∑ Dominio nivel medio idioma Ingles.","Somos una Empresa de Tecnolog√≠a innovadora, con experiencia en rubros como tecnolog√≠a, retail, banca u otros. Somos una Fabrica de software, con enf√°sis en la transformaci√≥n digital y las metodolog√≠as √°giles. Trabajamos en tecnologias como Desarrollo de Software, QA, Testing, Architect, Scrum y Desarrollo MobileAcompa√±amos a las empresas en su camino de Transformaci√≥n digital. Trabajamos en el mercado latam. Team: El especialista estar√° dedicado en su totalidad al √°rea de Controles Ciberseguridad para que apoye en los procesos y tareas previamente indicadas.Se enfocar√° en reforzar el actual proceso de seguimiento de controles de ciberseguridad, bajo framework CAT-FFIE, ejecutando validaciones de evidencias, controles por oposici√≥n y apoyo al equipo interno.",Principales funciones ser√°n:Apoyo en el seguimiento de controles CAT-FFIECValidaci√≥n de evidencias en relaci√≥n a las descripciones de los controlesConfecci√≥n de controles por oposici√≥nGenerar una din√°mica de aprendizaje e intercambio de conocimientos al interior del equipo de trabajoProponer procesos que permitan robustecer el seguimiento de controlesProponer herramientas y tecnolog√≠as que aporten en la validaci√≥n de evidenciasFabricar reportes de actividades realizadas finalizadas en un periodo mensual. Realizar Informe mensual de actividades ejecutadas para la continuidad a lo solicitado por el √°rea de Controles Ciberseguridad.,¬∑ Tipo de puesto: Tiempo completo en modalidad teletrabajo - hibrido.¬∑ Contrato: Indefinido,,"{'data': {'id': 3, 'type': 'seniority'}}",seniority,False,hybrid,,['Chile'],lang_not_specified,Cybersecurity,"['flexible_hours', 'remote_partial', 'health_coverage', 'computer_provided']",1800.0,2100.0,1708444596,,,58,https://www.getonbrd.com/jobs/auditor-ti-controles-ciberseguridad-kti-hunter-santiago
